matrix_id,candidate_id,vector,support,support_size,extended_support,extended_support_size,shift_reference,is_ess,reason_ess,payoff,payoff_double
1,1,"1/2,1/2",3,2,3,2,0,True,T_pd_rat,1/2,0.5
2,1,"1,0",1,1,1,1,0,True,T_pure_ess,3,3.0
2,2,"0,1",2,1,2,1,0,True,T_pure_ess,4,4.0
3,1,"3/8,5/8,0",3,2,3,2,0,True,T_pd_rat,89/16,5.5625
4,1,"0,0,1",4,1,7,3,0,False,F_not_copos,1,1.0
4,2,"1/2,1/2,0",3,2,3,2,0,True,T_pd_rat,3/2,1.5
5,1,"1/2,0,1/2",5,2,7,3,0,False,F_not_pd_kay_0_1,1/4,0.25
5,2,"0,1/2,1/2",6,2,7,3,0,False,F_not_pd_kay_0_1,1/4,0.25
6,1,"1/2,1/2,0",3,2,7,3,0,False,F_not_pd_kay_0_1,1,1.0
6,2,"0,5/11,6/11",6,2,6,2,0,True,T_pd_rat,18/11,1.636364
7,1,"0,0,1,0",4,1,7,3,0,False,F_not_copos,0,0.0
7,2,"0,0,0,1",8,1,11,3,0,False,F_not_copos,0,0.0
7,3,"1/2,1/2,0,0",3,2,15,4,0,True,T_copos,0,0.0
8,1,"3/11,3/11,0,5/11,0",11,3,11,3,1,True,T_pd_rat,18/11,1.636364
8,2,"3/11,0,5/11,0,3/11",21,3,21,3,1,True,T_pd_rat,18/11,1.636364
8,3,"0,5/11,0,3/11,3/11",26,3,26,3,1,True,T_pd_rat,18/11,1.636364
8,4,"5/11,0,3/11,3/11,0",13,3,13,3,1,True,T_pd_rat,18/11,1.636364
8,5,"0,3/11,3/11,0,5/11",22,3,22,3,1,True,T_pd_rat,18/11,1.636364
9,1,"1/2,0,1/2,0,0",5,2,5,2,0,True,T_pd_rat,3/2,1.5
9,2,"0,1/2,1/2,0,0",6,2,6,2,0,True,T_pd_rat,3/2,1.5
9,3,"1/2,0,0,1/2,0",9,2,9,2,0,True,T_pd_rat,3/2,1.5
9,4,"0,1/2,0,1/2,0",10,2,10,2,0,True,T_pd_rat,3/2,1.5
9,5,"1/2,0,0,0,1/2",17,2,17,2,0,True,T_pd_rat,3/2,1.5
9,6,"0,1/2,0,0,1/2",18,2,18,2,0,True,T_pd_rat,3/2,1.5
10,1,"1/2,1/2,0,0,0,0",3,2,3,2,0,True,T_pd_rat,1/2,0.5
10,2,"0,1/2,1/2,0,0,0",6,2,6,2,0,True,T_pd_rat,1/2,0.5
10,3,"1/2,0,0,1/2,0,0",9,2,9,2,0,True,T_pd_rat,1/2,0.5
10,4,"0,0,1/2,1/2,0,0",12,2,12,2,0,True,T_pd_rat,1/2,0.5
10,5,"0,1/2,0,0,1/2,0",18,2,18,2,0,True,T_pd_rat,1/2,0.5
10,6,"0,0,0,1/2,1/2,0",24,2,24,2,0,True,T_pd_rat,1/2,0.5
10,7,"1/2,0,0,0,0,1/2",33,2,33,2,0,True,T_pd_rat,1/2,0.5
10,8,"0,0,1/2,0,0,1/2",36,2,36,2,0,True,T_pd_rat,1/2,0.5
10,9,"0,0,0,0,1/2,1/2",48,2,48,2,0,True,T_pd_rat,1/2,0.5
11,1,"8/31,8/31,0,0,15/31,0,0",19,3,19,3,1,True,T_pd_rat,128/31,4.129032
11,2,"8/31,0,0,15/31,0,0,8/31",73,3,73,3,1,True,T_pd_rat,128/31,4.129032
11,3,"0,0,15/31,0,0,8/31,8/31",100,3,100,3,1,True,T_pd_rat,128/31,4.129032
11,4,"0,15/31,0,0,8/31,8/31,0",50,3,50,3,1,True,T_pd_rat,128/31,4.129032
11,5,"15/31,0,0,8/31,8/31,0,0",25,3,25,3,1,True,T_pd_rat,128/31,4.129032
11,6,"0,0,8/31,8/31,0,0,15/31",76,3,76,3,1,True,T_pd_rat,128/31,4.129032
11,7,"0,8/31,8/31,0,0,15/31,0",38,3,38,3,1,True,T_pd_rat,128/31,4.129032
11,8,"5/12,0,1/6,0,5/12,0,0",21,3,21,3,8,True,T_pd_rat,25/6,4.166667
11,9,"0,1/6,0,5/12,0,0,5/12",74,3,74,3,8,True,T_pd_rat,25/6,4.166667
11,10,"1/6,0,5/12,0,0,5/12,0",37,3,37,3,8,True,T_pd_rat,25/6,4.166667
11,11,"0,5/12,0,0,5/12,0,1/6",82,3,82,3,8,True,T_pd_rat,25/6,4.166667
11,12,"5/12,0,0,5/12,0,1/6,0",41,3,41,3,8,True,T_pd_rat,25/6,4.166667
11,13,"0,0,5/12,0,1/6,0,5/12",84,3,84,3,8,True,T_pd_rat,25/6,4.166667
11,14,"0,5/12,0,1/6,0,5/12,0",42,3,42,3,8,True,T_pd_rat,25/6,4.166667
12,1,"8/19,3/19,8/19,0,0,0,0",7,3,7,3,1,True,T_pd_rat,128/19,6.736842
12,2,"3/19,8/19,0,0,0,0,8/19",67,3,67,3,1,True,T_pd_rat,128/19,6.736842
12,3,"8/19,0,0,0,0,8/19,3/19",97,3,97,3,1,True,T_pd_rat,128/19,6.736842
12,4,"0,0,0,0,8/19,3/19,8/19",112,3,112,3,1,True,T_pd_rat,128/19,6.736842
12,5,"0,0,0,8/19,3/19,8/19,0",56,3,56,3,1,True,T_pd_rat,128/19,6.736842
12,6,"0,0,8/19,3/19,8/19,0,0",28,3,28,3,1,True,T_pd_rat,128/19,6.736842
12,7,"0,8/19,3/19,8/19,0,0,0",14,3,14,3,1,True,T_pd_rat,128/19,6.736842
12,8,"13/50,0,12/25,0,13/50,0,0",21,3,21,3,8,True,T_pd_rat,169/25,6.76
12,9,"0,12/25,0,13/50,0,0,13/50",74,3,74,3,8,True,T_pd_rat,169/25,6.76
12,10,"12/25,0,13/50,0,0,13/50,0",37,3,37,3,8,True,T_pd_rat,169/25,6.76
12,11,"0,13/50,0,0,13/50,0,12/25",82,3,82,3,8,True,T_pd_rat,169/25,6.76
12,12,"13/50,0,0,13/50,0,12/25,0",41,3,41,3,8,True,T_pd_rat,169/25,6.76
12,13,"0,0,13/50,0,12/25,0,13/50",84,3,84,3,8,True,T_pd_rat,169/25,6.76
12,14,"0,13/50,0,12/25,0,13/50,0",42,3,42,3,8,True,T_pd_rat,169/25,6.76
13,1,"77/312,23/312,77/312,0,0,45/104,0,0",39,4,39,4,0,True,T_pd_rat,2255/312,7.227564
13,2,"13/36,0,5/36,5/36,0,13/36,0,0",45,4,45,4,0,True,T_pd_rat,259/36,7.194444
13,3,"1/4,1/4,0,0,1/4,1/4,0,0",51,4,51,4,0,True,T_pd_rat,29/4,7.25
13,4,"45/104,0,0,77/312,23/312,77/312,0,0",57,4,57,4,0,True,T_pd_rat,2255/312,7.227564
13,5,"5/36,5/36,0,13/36,0,0,13/36,0",75,4,75,4,0,True,T_pd_rat,259/36,7.194444
13,6,"0,77/312,23/312,77/312,0,0,45/104,0",78,4,78,4,0,True,T_pd_rat,2255/312,7.227564
13,7,"0,13/36,0,5/36,5/36,0,13/36,0",90,4,90,4,0,True,T_pd_rat,259/36,7.194444
13,8,"0,1/4,1/4,0,0,1/4,1/4,0",102,4,102,4,0,True,T_pd_rat,29/4,7.25
13,9,"13/36,0,0,13/36,0,5/36,5/36,0",105,4,105,4,0,True,T_pd_rat,259/36,7.194444
13,10,"0,45/104,0,0,77/312,23/312,77/312,0",114,4,114,4,0,True,T_pd_rat,2255/312,7.227564
13,11,"23/312,77/312,0,0,45/104,0,0,77/312",147,4,147,4,0,True,T_pd_rat,2255/312,7.227564
13,12,"0,5/36,5/36,0,13/36,0,0,13/36",150,4,150,4,0,True,T_pd_rat,259/36,7.194444
13,13,"1/4,0,0,1/4,1/4,0,0,1/4",153,4,153,4,0,True,T_pd_rat,29/4,7.25
13,14,"0,0,77/312,23/312,77/312,0,0,45/104",156,4,156,4,0,True,T_pd_rat,2255/312,7.227564
13,15,"5/36,0,13/36,0,0,13/36,0,5/36",165,4,165,4,0,True,T_pd_rat,259/36,7.194444
13,16,"0,0,13/36,0,5/36,5/36,0,13/36",180,4,180,4,0,True,T_pd_rat,259/36,7.194444
13,17,"77/312,0,0,45/104,0,0,77/312,23/312",201,4,201,4,0,True,T_pd_rat,2255/312,7.227564
13,18,"0,0,1/4,1/4,0,0,1/4,1/4",204,4,204,4,0,True,T_pd_rat,29/4,7.25
13,19,"0,13/36,0,0,13/36,0,5/36,5/36",210,4,210,4,0,True,T_pd_rat,259/36,7.194444
13,20,"0,0,45/104,0,0,77/312,23/312,77/312",228,4,228,4,0,True,T_pd_rat,2255/312,7.227564
14,1,"13/51,13/51,0,0,0,25/51,0,0,0",35,3,35,3,0,True,T_pd_rat,338/51,6.627451
14,2,"20/49,0,13/98,0,0,45/98,0,0,0",37,3,37,3,0,True,T_pd_rat,325/49,6.632653
14,3,"45/98,0,0,13/98,0,20/49,0,0,0",41,3,41,3,0,True,T_pd_rat,325/49,6.632653
14,4,"25/51,0,0,0,13/51,13/51,0,0,0",49,3,49,3,0,True,T_pd_rat,338/51,6.627451
14,5,"13/98,0,20/49,0,0,0,45/98,0,0",69,3,69,3,0,True,T_pd_rat,325/49,6.632653
14,6,"0,13/51,13/51,0,0,0,25/51,0,0",70,3,70,3,0,True,T_pd_rat,338/51,6.627451
14,7,"1/3,0,0,1/3,0,0,1/3,0,0",73,3,73,3,0,True,T_pd_rat,20/3,6.666667
14,8,"0,20/49,0,13/98,0,0,45/98,0,0",74,3,74,3,0,True,T_pd_rat,325/49,6.632653
14,9,"45/98,0,0,0,20/49,0,13/98,0,0",81,3,81,3,0,True,T_pd_rat,325/49,6.632653
14,10,"0,45/98,0,0,13/98,0,20/49,0,0",82,3,82,3,0,True,T_pd_rat,325/49,6.632653
14,11,"0,25/51,0,0,0,13/51,13/51,0,0",98,3,98,3,0,True,T_pd_rat,338/51,6.627451
14,12,"13/98,0,0,45/98,0,0,0,20/49,0",137,3,137,3,0,True,T_pd_rat,325/49,6.632653
14,13,"0,13/98,0,20/49,0,0,0,45/98,0",138,3,138,3,0,True,T_pd_rat,325/49,6.632653
14,14,"0,0,13/51,13/51,0,0,0,25/51,0",140,3,140,3,0,True,T_pd_rat,338/51,6.627451
14,15,"20/49,0,0,0,45/98,0,0,13/98,0",145,3,145,3,0,True,T_pd_rat,325/49,6.632653
14,16,"0,1/3,0,0,1/3,0,0,1/3,0",146,3,146,3,0,True,T_pd_rat,20/3,6.666667
14,17,"0,0,20/49,0,13/98,0,0,45/98,0",148,3,148,3,0,True,T_pd_rat,325/49,6.632653
14,18,"0,45/98,0,0,0,20/49,0,13/98,0",162,3,162,3,0,True,T_pd_rat,325/49,6.632653
14,19,"0,0,45/98,0,0,13/98,0,20/49,0",164,3,164,3,0,True,T_pd_rat,325/49,6.632653
14,20,"0,0,25/51,0,0,0,13/51,13/51,0",196,3,196,3,0,True,T_pd_rat,338/51,6.627451
14,21,"13/51,0,0,0,25/51,0,0,0,13/51",273,3,273,3,0,True,T_pd_rat,338/51,6.627451
14,22,"0,13/98,0,0,45/98,0,0,0,20/49",274,3,274,3,0,True,T_pd_rat,325/49,6.632653
14,23,"0,0,13/98,0,20/49,0,0,0,45/98",276,3,276,3,0,True,T_pd_rat,325/49,6.632653
14,24,"0,0,0,13/51,13/51,0,0,0,25/51",280,3,280,3,0,True,T_pd_rat,338/51,6.627451
14,25,"0,20/49,0,0,0,45/98,0,0,13/98",290,3,290,3,0,True,T_pd_rat,325/49,6.632653
14,26,"0,0,1/3,0,0,1/3,0,0,1/3",292,3,292,3,0,True,T_pd_rat,20/3,6.666667
14,27,"0,0,0,20/49,0,13/98,0,0,45/98",296,3,296,3,0,True,T_pd_rat,325/49,6.632653
14,28,"0,0,45/98,0,0,0,20/49,0,13/98",324,3,324,3,0,True,T_pd_rat,325/49,6.632653
14,29,"0,0,0,45/98,0,0,13/98,0,20/49",328,3,328,3,0,True,T_pd_rat,325/49,6.632653
14,30,"0,0,0,25/51,0,0,0,13/51,13/51",392,3,392,3,0,True,T_pd_rat,338/51,6.627451
15,1,"19/52,7/52,7/52,19/52,0,0,0,0,0,0",15,4,15,4,0,True,T_pd_rat,699/52,13.442308
15,2,"0,19/52,7/52,7/52,19/52,0,0,0,0,0",30,4,30,4,0,True,T_pd_rat,699/52,13.442308
15,3,"31/140,0,39/140,39/140,0,31/140,0,0,0,0",45,4,45,4,0,True,T_pd_rat,1871/140,13.364286
15,4,"0,0,19/52,7/52,7/52,19/52,0,0,0,0",60,4,60,4,0,True,T_pd_rat,699/52,13.442308
15,5,"1263/4612,119/4612,0,2103/4612,0,0,1127/4612,0,0,0",75,4,75,4,0,True,T_pd_rat,62011/4612,13.445577
15,6,"0,31/140,0,39/140,39/140,0,31/140,0,0,0",90,4,90,4,0,True,T_pd_rat,1871/140,13.364286
15,7,"1127/4612,0,0,2103/4612,0,119/4612,1263/4612,0,0,0",105,4,105,4,0,True,T_pd_rat,62011/4612,13.445577
15,8,"0,0,0,19/52,7/52,7/52,19/52,0,0,0",120,4,120,4,0,True,T_pd_rat,699/52,13.442308
15,9,"2103/4612,0,119/4612,1263/4612,0,0,0,1127/4612,0,0",141,4,141,4,0,True,T_pd_rat,62011/4612,13.445577
15,10,"7/52,7/52,0,0,19/52,0,0,19/52,0,0",147,4,147,4,0,True,T_pd_rat,699/52,13.442308
15,11,"0,1263/4612,119/4612,0,2103/4612,0,0,1127/4612,0,0",150,4,150,4,0,True,T_pd_rat,62011/4612,13.445577
15,12,"19/52,0,0,7/52,7/52,0,0,19/52,0,0",153,4,153,4,0,True,T_pd_rat,699/52,13.442308
15,13,"1127/4612,0,0,0,1263/4612,119/4612,0,2103/4612,0,0",177,4,177,4,0,True,T_pd_rat,62011/4612,13.445577
15,14,"0,0,31/140,0,39/140,39/140,0,31/140,0,0",180,4,180,4,0,True,T_pd_rat,1871/140,13.364286
15,15,"19/52,0,0,19/52,0,0,7/52,7/52,0,0",201,4,201,4,0,True,T_pd_rat,699/52,13.442308
15,16,"0,1127/4612,0,0,2103/4612,0,119/4612,1263/4612,0,0",210,4,210,4,0,True,T_pd_rat,62011/4612,13.445577
15,17,"0,0,0,0,19/52,7/52,7/52,19/52,0,0",240,4,240,4,0,True,T_pd_rat,699/52,13.442308
15,18,"39/140,39/140,0,31/140,0,0,0,0,31/140,0",267,4,267,4,0,True,T_pd_rat,1871/140,13.364286
15,19,"0,2103/4612,0,119/4612,1263/4612,0,0,0,1127/4612,0",282,4,282,4,0,True,T_pd_rat,62011/4612,13.445577
15,20,"119/4612,1263/4612,0,0,0,1127/4612,0,0,2103/4612,0",291,4,291,4,0,True,T_pd_rat,62011/4612,13.445577
15,21,"0,7/52,7/52,0,0,19/52,0,0,19/52,0",294,4,294,4,0,True,T_pd_rat,699/52,13.442308
15,22,"0,0,1263/4612,119/4612,0,2103/4612,0,0,1127/4612,0",300,4,300,4,0,True,T_pd_rat,62011/4612,13.445577
15,23,"0,19/52,0,0,7/52,7/52,0,0,19/52,0",306,4,306,4,0,True,T_pd_rat,699/52,13.442308
15,24,"0,1127/4612,0,0,0,1263/4612,119/4612,0,2103/4612,0",354,4,354,4,0,True,T_pd_rat,62011/4612,13.445577
15,25,"0,0,0,31/140,0,39/140,39/140,0,31/140,0",360,4,360,4,0,True,T_pd_rat,1871/140,13.364286
15,26,"2103/4612,0,0,1127/4612,0,0,0,1263/4612,119/4612,0",393,4,393,4,0,True,T_pd_rat,62011/4612,13.445577
15,27,"0,19/52,0,0,19/52,0,0,7/52,7/52,0",402,4,402,4,0,True,T_pd_rat,699/52,13.442308
15,28,"31/140,0,0,0,0,31/140,0,39/140,39/140,0",417,4,417,4,0,True,T_pd_rat,1871/140,13.364286
15,29,"0,0,1127/4612,0,0,2103/4612,0,119/4612,1263/4612,0",420,4,420,4,0,True,T_pd_rat,62011/4612,13.445577
15,30,"0,0,0,0,0,19/52,7/52,7/52,19/52,0",480,4,480,4,0,True,T_pd_rat,699/52,13.442308
15,31,"7/52,7/52,19/52,0,0,0,0,0,0,19/52",519,4,519,4,0,True,T_pd_rat,699/52,13.442308
15,32,"0,39/140,39/140,0,31/140,0,0,0,0,31/140",534,4,534,4,0,True,T_pd_rat,1871/140,13.364286
15,33,"119/4612,0,2103/4612,0,0,1127/4612,0,0,0,1263/4612",549,4,549,4,0,True,T_pd_rat,62011/4612,13.445577
15,34,"0,0,2103/4612,0,119/4612,1263/4612,0,0,0,1127/4612",564,4,564,4,0,True,T_pd_rat,62011/4612,13.445577
15,35,"0,119/4612,1263/4612,0,0,0,1127/4612,0,0,2103/4612",582,4,582,4,0,True,T_pd_rat,62011/4612,13.445577
15,36,"7/52,0,0,19/52,0,0,19/52,0,0,7/52",585,4,585,4,0,True,T_pd_rat,699/52,13.442308
15,37,"0,0,7/52,7/52,0,0,19/52,0,0,19/52",588,4,588,4,0,True,T_pd_rat,699/52,13.442308
15,38,"0,0,0,1263/4612,119/4612,0,2103/4612,0,0,1127/4612",600,4,600,4,0,True,T_pd_rat,62011/4612,13.445577
15,39,"0,0,19/52,0,0,7/52,7/52,0,0,19/52",612,4,612,4,0,True,T_pd_rat,699/52,13.442308
15,40,"39/140,0,31/140,0,0,0,0,31/140,0,39/140",645,4,645,4,0,True,T_pd_rat,1871/140,13.364286
15,41,"1263/4612,0,0,0,1127/4612,0,0,2103/4612,0,119/4612",657,4,657,4,0,True,T_pd_rat,62011/4612,13.445577
15,42,"0,0,1127/4612,0,0,0,1263/4612,119/4612,0,2103/4612",708,4,708,4,0,True,T_pd_rat,62011/4612,13.445577
15,43,"0,0,0,0,31/140,0,39/140,39/140,0,31/140",720,4,720,4,0,True,T_pd_rat,1871/140,13.364286
15,44,"7/52,19/52,0,0,0,0,0,0,19/52,7/52",771,4,771,4,0,True,T_pd_rat,699/52,13.442308
15,45,"0,2103/4612,0,0,1127/4612,0,0,0,1263/4612,119/4612",786,4,786,4,0,True,T_pd_rat,62011/4612,13.445577
15,46,"0,0,19/52,0,0,19/52,0,0,7/52,7/52",804,4,804,4,0,True,T_pd_rat,699/52,13.442308
15,47,"0,31/140,0,0,0,0,31/140,0,39/140,39/140",834,4,834,4,0,True,T_pd_rat,1871/140,13.364286
15,48,"0,0,0,1127/4612,0,0,2103/4612,0,119/4612,1263/4612",840,4,840,4,0,True,T_pd_rat,62011/4612,13.445577
15,49,"19/52,0,0,0,0,0,0,19/52,7/52,7/52",897,4,897,4,0,True,T_pd_rat,699/52,13.442308
15,50,"0,0,0,0,0,0,19/52,7/52,7/52,19/52",960,4,960,4,0,True,T_pd_rat,699/52,13.442308
16,1,"18/97,23/194,0,15/97,0,47/194,0,0,29/97,0,0",299,5,299,5,1,True,T_pd_rat,393/97,4.051546
16,2,"23/194,0,15/97,0,47/194,0,0,29/97,0,0,18/97",1173,5,1173,5,1,True,T_pd_rat,393/97,4.051546
16,3,"0,15/97,0,47/194,0,0,29/97,0,0,18/97,23/194",1610,5,1610,5,1,True,T_pd_rat,393/97,4.051546
16,4,"15/97,0,47/194,0,0,29/97,0,0,18/97,23/194,0",805,5,805,5,1,True,T_pd_rat,393/97,4.051546
16,5,"0,47/194,0,0,29/97,0,0,18/97,23/194,0,15/97",1426,5,1426,5,1,True,T_pd_rat,393/97,4.051546
16,6,"47/194,0,0,29/97,0,0,18/97,23/194,0,15/97,0",713,5,713,5,1,True,T_pd_rat,393/97,4.051546
16,7,"0,0,29/97,0,0,18/97,23/194,0,15/97,0,47/194",1380,5,1380,5,1,True,T_pd_rat,393/97,4.051546
16,8,"0,29/97,0,0,18/97,23/194,0,15/97,0,47/194,0",690,5,690,5,1,True,T_pd_rat,393/97,4.051546
16,9,"29/97,0,0,18/97,23/194,0,15/97,0,47/194,0,0",345,5,345,5,1,True,T_pd_rat,393/97,4.051546
16,10,"0,0,18/97,23/194,0,15/97,0,47/194,0,0,29/97",1196,5,1196,5,1,True,T_pd_rat,393/97,4.051546
16,11,"0,18/97,23/194,0,15/97,0,47/194,0,0,29/97,0",598,5,598,5,1,True,T_pd_rat,393/97,4.051546
16,12,"54/217,0,23/217,23/217,0,54/217,0,0,9/31,0,0",301,5,301,5,12,True,T_pd_rat,878/217,4.046083
16,13,"0,23/217,23/217,0,54/217,0,0,9/31,0,0,54/217",1174,5,1174,5,12,True,T_pd_rat,878/217,4.046083
16,14,"23/217,23/217,0,54/217,0,0,9/31,0,0,54/217,0",587,5,587,5,12,True,T_pd_rat,878/217,4.046083
16,15,"23/217,0,54/217,0,0,9/31,0,0,54/217,0,23/217",1317,5,1317,5,12,True,T_pd_rat,878/217,4.046083
16,16,"0,54/217,0,0,9/31,0,0,54/217,0,23/217,23/217",1682,5,1682,5,12,True,T_pd_rat,878/217,4.046083
16,17,"54/217,0,0,9/31,0,0,54/217,0,23/217,23/217,0",841,5,841,5,12,True,T_pd_rat,878/217,4.046083
16,18,"0,0,9/31,0,0,54/217,0,23/217,23/217,0,54/217",1444,5,1444,5,12,True,T_pd_rat,878/217,4.046083
16,19,"0,9/31,0,0,54/217,0,23/217,23/217,0,54/217,0",722,5,722,5,12,True,T_pd_rat,878/217,4.046083
16,20,"9/31,0,0,54/217,0,23/217,23/217,0,54/217,0,0",361,5,361,5,12,True,T_pd_rat,878/217,4.046083
16,21,"0,0,54/217,0,23/217,23/217,0,54/217,0,0,9/31",1204,5,1204,5,12,True,T_pd_rat,878/217,4.046083
16,22,"0,54/217,0,23/217,23/217,0,54/217,0,0,9/31,0",602,5,602,5,12,True,T_pd_rat,878/217,4.046083
16,23,"6/53,12/53,0,0,12/53,6/53,0,0,17/53,0,0",307,5,307,5,23,True,T_pd_rat,216/53,4.075472
16,24,"12/53,0,0,12/53,6/53,0,0,17/53,0,0,6/53",1177,5,1177,5,23,True,T_pd_rat,216/53,4.075472
16,25,"0,0,12/53,6/53,0,0,17/53,0,0,6/53,12/53",1612,5,1612,5,23,True,T_pd_rat,216/53,4.075472
16,26,"0,12/53,6/53,0,0,17/53,0,0,6/53,12/53,0",806,5,806,5,23,True,T_pd_rat,216/53,4.075472
16,27,"12/53,6/53,0,0,17/53,0,0,6/53,12/53,0,0",403,5,403,5,23,True,T_pd_rat,216/53,4.075472
16,28,"6/53,0,0,17/53,0,0,6/53,12/53,0,0,12/53",1225,5,1225,5,23,True,T_pd_rat,216/53,4.075472
16,29,"0,0,17/53,0,0,6/53,12/53,0,0,12/53,6/53",1636,5,1636,5,23,True,T_pd_rat,216/53,4.075472
16,30,"0,17/53,0,0,6/53,12/53,0,0,12/53,6/53,0",818,5,818,5,23,True,T_pd_rat,216/53,4.075472
16,31,"17/53,0,0,6/53,12/53,0,0,12/53,6/53,0,0",409,5,409,5,23,True,T_pd_rat,216/53,4.075472
16,32,"0,0,6/53,12/53,0,0,12/53,6/53,0,0,17/53",1228,5,1228,5,23,True,T_pd_rat,216/53,4.075472
16,33,"0,6/53,12/53,0,0,12/53,6/53,0,0,17/53,0",614,5,614,5,23,True,T_pd_rat,216/53,4.075472
16,34,"47/194,0,15/97,0,23/194,18/97,0,0,29/97,0,0",309,5,309,5,34,True,T_pd_rat,393/97,4.051546
16,35,"0,15/97,0,23/194,18/97,0,0,29/97,0,0,47/194",1178,5,1178,5,34,True,T_pd_rat,393/97,4.051546
16,36,"15/97,0,23/194,18/97,0,0,29/97,0,0,47/194,0",589,5,589,5,34,True,T_pd_rat,393/97,4.051546
16,37,"0,23/194,18/97,0,0,29/97,0,0,47/194,0,15/97",1318,5,1318,5,34,True,T_pd_rat,393/97,4.051546
16,38,"23/194,18/97,0,0,29/97,0,0,47/194,0,15/97,0",659,5,659,5,34,True,T_pd_rat,393/97,4.051546
16,39,"18/97,0,0,29/97,0,0,47/194,0,15/97,0,23/194",1353,5,1353,5,34,True,T_pd_rat,393/97,4.051546
16,40,"0,0,29/97,0,0,47/194,0,15/97,0,23/194,18/97",1700,5,1700,5,34,True,T_pd_rat,393/97,4.051546
16,41,"0,29/97,0,0,47/194,0,15/97,0,23/194,18/97,0",850,5,850,5,34,True,T_pd_rat,393/97,4.051546
16,42,"29/97,0,0,47/194,0,15/97,0,23/194,18/97,0,0",425,5,425,5,34,True,T_pd_rat,393/97,4.051546
16,43,"0,0,47/194,0,15/97,0,23/194,18/97,0,0,29/97",1236,5,1236,5,34,True,T_pd_rat,393/97,4.051546
16,44,"0,47/194,0,15/97,0,23/194,18/97,0,0,29/97,0",618,5,618,5,34,True,T_pd_rat,393/97,4.051546
16,45,"13/77,13/77,0,0,23/77,0,5/77,0,23/77,0,0",339,5,339,5,45,True,T_pd_rat,314/77,4.077922
16,46,"13/77,0,0,23/77,0,5/77,0,23/77,0,0,13/77",1193,5,1193,5,45,True,T_pd_rat,314/77,4.077922
16,47,"0,0,23/77,0,5/77,0,23/77,0,0,13/77,13/77",1620,5,1620,5,45,True,T_pd_rat,314/77,4.077922
16,48,"0,23/77,0,5/77,0,23/77,0,0,13/77,13/77,0",810,5,810,5,45,True,T_pd_rat,314/77,4.077922
16,49,"23/77,0,5/77,0,23/77,0,0,13/77,13/77,0,0",405,5,405,5,45,True,T_pd_rat,314/77,4.077922
16,50,"0,5/77,0,23/77,0,0,13/77,13/77,0,0,23/77",1226,5,1226,5,45,True,T_pd_rat,314/77,4.077922
16,51,"5/77,0,23/77,0,0,13/77,13/77,0,0,23/77,0",613,5,613,5,45,True,T_pd_rat,314/77,4.077922
16,52,"0,23/77,0,0,13/77,13/77,0,0,23/77,0,5/77",1330,5,1330,5,45,True,T_pd_rat,314/77,4.077922
16,53,"23/77,0,0,13/77,13/77,0,0,23/77,0,5/77,0",665,5,665,5,45,True,T_pd_rat,314/77,4.077922
16,54,"0,0,13/77,13/77,0,0,23/77,0,5/77,0,23/77",1356,5,1356,5,45,True,T_pd_rat,314/77,4.077922
16,55,"0,13/77,13/77,0,0,23/77,0,5/77,0,23/77,0",678,5,678,5,45,True,T_pd_rat,314/77,4.077922
16,56,"16/59,0,6/59,0,15/59,0,6/59,0,16/59,0,0",341,5,341,5,56,True,T_pd_rat,240/59,4.067797
16,57,"0,6/59,0,15/59,0,6/59,0,16/59,0,0,16/59",1194,5,1194,5,56,True,T_pd_rat,240/59,4.067797
16,58,"6/59,0,15/59,0,6/59,0,16/59,0,0,16/59,0",597,5,597,5,56,True,T_pd_rat,240/59,4.067797
16,59,"0,15/59,0,6/59,0,16/59,0,0,16/59,0,6/59",1322,5,1322,5,56,True,T_pd_rat,240/59,4.067797
16,60,"15/59,0,6/59,0,16/59,0,0,16/59,0,6/59,0",661,5,661,5,56,True,T_pd_rat,240/59,4.067797
16,61,"0,6/59,0,16/59,0,0,16/59,0,6/59,0,15/59",1354,5,1354,5,56,True,T_pd_rat,240/59,4.067797
16,62,"6/59,0,16/59,0,0,16/59,0,6/59,0,15/59,0",677,5,677,5,56,True,T_pd_rat,240/59,4.067797
16,63,"0,16/59,0,0,16/59,0,6/59,0,15/59,0,6/59",1362,5,1362,5,56,True,T_pd_rat,240/59,4.067797
16,64,"16/59,0,0,16/59,0,6/59,0,15/59,0,6/59,0",681,5,681,5,56,True,T_pd_rat,240/59,4.067797
16,65,"0,0,16/59,0,6/59,0,15/59,0,6/59,0,16/59",1364,5,1364,5,56,True,T_pd_rat,240/59,4.067797
16,66,"0,16/59,0,6/59,0,15/59,0,6/59,0,16/59,0",682,5,682,5,56,True,T_pd_rat,240/59,4.067797
17,1,"1500/5999,2999/5999,1500/5999,0,0,0,0,0,0,0,0",7,3,7,3,1,True,T_pd_rat,45000/5999,7.50125
17,2,"2999/5999,1500/5999,0,0,0,0,0,0,0,0,1500/5999",1027,3,1027,3,1,True,T_pd_rat,45000/5999,7.50125
17,3,"1500/5999,0,0,0,0,0,0,0,0,1500/5999,2999/5999",1537,3,1537,3,1,True,T_pd_rat,45000/5999,7.50125
17,4,"0,0,0,0,0,0,0,0,1500/5999,2999/5999,1500/5999",1792,3,1792,3,1,True,T_pd_rat,45000/5999,7.50125
17,5,"0,0,0,0,0,0,0,1500/5999,2999/5999,1500/5999,0",896,3,896,3,1,True,T_pd_rat,45000/5999,7.50125
17,6,"0,0,0,0,0,0,1500/5999,2999/5999,1500/5999,0,0",448,3,448,3,1,True,T_pd_rat,45000/5999,7.50125
17,7,"0,0,0,0,0,1500/5999,2999/5999,1500/5999,0,0,0",224,3,224,3,1,True,T_pd_rat,45000/5999,7.50125
17,8,"0,0,0,0,1500/5999,2999/5999,1500/5999,0,0,0,0",112,3,112,3,1,True,T_pd_rat,45000/5999,7.50125
17,9,"0,0,0,1500/5999,2999/5999,1500/5999,0,0,0,0,0",56,3,56,3,1,True,T_pd_rat,45000/5999,7.50125
17,10,"0,0,1500/5999,2999/5999,1500/5999,0,0,0,0,0,0",28,3,28,3,1,True,T_pd_rat,45000/5999,7.50125
17,11,"0,1500/5999,2999/5999,1500/5999,0,0,0,0,0,0,0",14,3,14,3,1,True,T_pd_rat,45000/5999,7.50125
17,12,"980/2053,1023/2053,0,0,50/2053,0,0,0,0,0,0",19,3,19,3,12,True,T_pd_rat,15400/2053,7.501218
17,13,"1023/2053,0,0,50/2053,0,0,0,0,0,0,980/2053",1033,3,1033,3,12,True,T_pd_rat,15400/2053,7.501218
17,14,"0,0,50/2053,0,0,0,0,0,0,980/2053,1023/2053",1540,3,1540,3,12,True,T_pd_rat,15400/2053,7.501218
17,15,"0,50/2053,0,0,0,0,0,0,980/2053,1023/2053,0",770,3,770,3,12,True,T_pd_rat,15400/2053,7.501218
17,16,"50/2053,0,0,0,0,0,0,980/2053,1023/2053,0,0",385,3,385,3,12,True,T_pd_rat,15400/2053,7.501218
17,17,"0,0,0,0,0,0,980/2053,1023/2053,0,0,50/2053",1216,3,1216,3,12,True,T_pd_rat,15400/2053,7.501218
17,18,"0,0,0,0,0,980/2053,1023/2053,0,0,50/2053,0",608,3,608,3,12,True,T_pd_rat,15400/2053,7.501218
17,19,"0,0,0,0,980/2053,1023/2053,0,0,50/2053,0,0",304,3,304,3,12,True,T_pd_rat,15400/2053,7.501218
17,20,"0,0,0,980/2053,1023/2053,0,0,50/2053,0,0,0",152,3,152,3,12,True,T_pd_rat,15400/2053,7.501218
17,21,"0,0,980/2053,1023/2053,0,0,50/2053,0,0,0,0",76,3,76,3,12,True,T_pd_rat,15400/2053,7.501218
17,22,"0,980/2053,1023/2053,0,0,50/2053,0,0,0,0,0",38,3,38,3,12,True,T_pd_rat,15400/2053,7.501218
17,23,"50/2053,0,0,1023/2053,980/2053,0,0,0,0,0,0",25,3,25,3,23,True,T_pd_rat,15400/2053,7.501218
17,24,"0,0,1023/2053,980/2053,0,0,0,0,0,0,50/2053",1036,3,1036,3,23,True,T_pd_rat,15400/2053,7.501218
17,25,"0,1023/2053,980/2053,0,0,0,0,0,0,50/2053,0",518,3,518,3,23,True,T_pd_rat,15400/2053,7.501218
17,26,"1023/2053,980/2053,0,0,0,0,0,0,50/2053,0,0",259,3,259,3,23,True,T_pd_rat,15400/2053,7.501218
17,27,"980/2053,0,0,0,0,0,0,50/2053,0,0,1023/2053",1153,3,1153,3,23,True,T_pd_rat,15400/2053,7.501218
17,28,"0,0,0,0,0,0,50/2053,0,0,1023/2053,980/2053",1600,3,1600,3,23,True,T_pd_rat,15400/2053,7.501218
17,29,"0,0,0,0,0,50/2053,0,0,1023/2053,980/2053,0",800,3,800,3,23,True,T_pd_rat,15400/2053,7.501218
17,30,"0,0,0,0,50/2053,0,0,1023/2053,980/2053,0,0",400,3,400,3,23,True,T_pd_rat,15400/2053,7.501218
17,31,"0,0,0,50/2053,0,0,1023/2053,980/2053,0,0,0",200,3,200,3,23,True,T_pd_rat,15400/2053,7.501218
17,32,"0,0,50/2053,0,0,1023/2053,980/2053,0,0,0,0",100,3,100,3,23,True,T_pd_rat,15400/2053,7.501218
17,33,"0,50/2053,0,0,1023/2053,980/2053,0,0,0,0,0",50,3,50,3,23,True,T_pd_rat,15400/2053,7.501218
17,34,"38/77,38/77,0,0,0,0,1/77,0,0,0,0",67,3,67,3,34,True,T_pd_rat,2888/385,7.501299
17,35,"38/77,0,0,0,0,1/77,0,0,0,0,38/77",1057,3,1057,3,34,True,T_pd_rat,2888/385,7.501299
17,36,"0,0,0,0,1/77,0,0,0,0,38/77,38/77",1552,3,1552,3,34,True,T_pd_rat,2888/385,7.501299
17,37,"0,0,0,1/77,0,0,0,0,38/77,38/77,0",776,3,776,3,34,True,T_pd_rat,2888/385,7.501299
17,38,"0,0,1/77,0,0,0,0,38/77,38/77,0,0",388,3,388,3,34,True,T_pd_rat,2888/385,7.501299
17,39,"0,1/77,0,0,0,0,38/77,38/77,0,0,0",194,3,194,3,34,True,T_pd_rat,2888/385,7.501299
17,40,"1/77,0,0,0,0,38/77,38/77,0,0,0,0",97,3,97,3,34,True,T_pd_rat,2888/385,7.501299
17,41,"0,0,0,0,38/77,38/77,0,0,0,0,1/77",1072,3,1072,3,34,True,T_pd_rat,2888/385,7.501299
17,42,"0,0,0,38/77,38/77,0,0,0,0,1/77,0",536,3,536,3,34,True,T_pd_rat,2888/385,7.501299
17,43,"0,0,38/77,38/77,0,0,0,0,1/77,0,0",268,3,268,3,34,True,T_pd_rat,2888/385,7.501299
17,44,"0,38/77,38/77,0,0,0,0,1/77,0,0,0",134,3,134,3,34,True,T_pd_rat,2888/385,7.501299
17,45,"35/121,0,0,51/121,0,0,35/121,0,0,0,0",73,3,73,3,45,True,T_pd_rat,980/121,8.099174
17,46,"0,0,51/121,0,0,35/121,0,0,0,0,35/121",1060,3,1060,3,45,True,T_pd_rat,980/121,8.099174
17,47,"0,51/121,0,0,35/121,0,0,0,0,35/121,0",530,3,530,3,45,True,T_pd_rat,980/121,8.099174
17,48,"51/121,0,0,35/121,0,0,0,0,35/121,0,0",265,3,265,3,45,True,T_pd_rat,980/121,8.099174
17,49,"0,0,35/121,0,0,0,0,35/121,0,0,51/121",1156,3,1156,3,45,True,T_pd_rat,980/121,8.099174
17,50,"0,35/121,0,0,0,0,35/121,0,0,51/121,0",578,3,578,3,45,True,T_pd_rat,980/121,8.099174
17,51,"35/121,0,0,0,0,35/121,0,0,51/121,0,0",289,3,289,3,45,True,T_pd_rat,980/121,8.099174
17,52,"0,0,0,0,35/121,0,0,51/121,0,0,35/121",1168,3,1168,3,45,True,T_pd_rat,980/121,8.099174
17,53,"0,0,0,35/121,0,0,51/121,0,0,35/121,0",584,3,584,3,45,True,T_pd_rat,980/121,8.099174
17,54,"0,0,35/121,0,0,51/121,0,0,35/121,0,0",292,3,292,3,45,True,T_pd_rat,980/121,8.099174
17,55,"0,35/121,0,0,51/121,0,0,35/121,0,0,0",146,3,146,3,45,True,T_pd_rat,980/121,8.099174
18,1,"59/443,325/886,325/886,59/443,0,0,0,0,0,0,0,0",15,4,15,4,0,True,T_pd_rat,250043/886,282.215576
18,2,"0,59/443,325/886,325/886,59/443,0,0,0,0,0,0,0",30,4,30,4,0,True,T_pd_rat,250043/886,282.215576
18,3,"1129413/5201954,2379963/5201954,1488733/5201954,0,0,203845/5201954,0,0,0,0,0,0",39,4,39,4,0,True,T_pd_rat,1468244483/5201954,282.248648
18,4,"141/668,193/668,0,0,193/668,141/668,0,0,0,0,0,0",51,4,51,4,0,True,T_pd_rat,47102/167,282.047904
18,5,"203845/5201954,0,0,1488733/5201954,2379963/5201954,1129413/5201954,0,0,0,0,0,0",57,4,57,4,0,True,T_pd_rat,1468244483/5201954,282.248648
18,6,"0,0,59/443,325/886,325/886,59/443,0,0,0,0,0,0",60,4,60,4,0,True,T_pd_rat,250043/886,282.215576
18,7,"0,1129413/5201954,2379963/5201954,1488733/5201954,0,0,203845/5201954,0,0,0,0,0",78,4,78,4,0,True,T_pd_rat,1468244483/5201954,282.248648
18,8,"0,141/668,193/668,0,0,193/668,141/668,0,0,0,0,0",102,4,102,4,0,True,T_pd_rat,47102/167,282.047904
18,9,"0,203845/5201954,0,0,1488733/5201954,2379963/5201954,1129413/5201954,0,0,0,0,0",114,4,114,4,0,True,T_pd_rat,1468244483/5201954,282.248648
18,10,"0,0,0,59/443,325/886,325/886,59/443,0,0,0,0,0",120,4,120,4,0,True,T_pd_rat,250043/886,282.215576
18,11,"41499/165014,77113/165014,41499/165014,0,0,0,0,4903/165014,0,0,0,0",135,4,135,4,0,True,T_pd_rat,46576665/165014,282.258869
18,12,"29645073/88515806,34973353/88515806,0,0,7357931/44257903,0,0,4590759/44257903,0,0,0,0",147,4,147,4,0,True,T_pd_rat,24977779007/88515806,282.184393
18,13,"15/143,0,0,113/286,113/286,0,0,15/143,0,0,0,0",153,4,153,4,0,True,T_pd_rat,80719/286,282.234266
18,14,"0,0,1129413/5201954,2379963/5201954,1488733/5201954,0,0,203845/5201954,0,0,0,0",156,4,156,4,0,True,T_pd_rat,1468244483/5201954,282.248648
18,15,"1/4,1/4,0,0,0,0,1/4,1/4,0,0,0,0",195,4,195,4,0,True,T_pd_rat,282,282.0
18,16,"4590759/44257903,0,0,7357931/44257903,0,0,34973353/88515806,29645073/88515806,0,0,0,0",201,4,201,4,0,True,T_pd_rat,24977779007/88515806,282.184393
18,17,"0,0,141/668,193/668,0,0,193/668,141/668,0,0,0,0",204,4,204,4,0,True,T_pd_rat,47102/167,282.047904
18,18,"4903/165014,0,0,0,0,41499/165014,77113/165014,41499/165014,0,0,0,0",225,4,225,4,0,True,T_pd_rat,46576665/165014,282.258869
18,19,"0,0,203845/5201954,0,0,1488733/5201954,2379963/5201954,1129413/5201954,0,0,0,0",228,4,228,4,0,True,T_pd_rat,1468244483/5201954,282.248648
18,20,"0,0,0,0,59/443,325/886,325/886,59/443,0,0,0,0",240,4,240,4,0,True,T_pd_rat,250043/886,282.215576
18,21,"0,41499/165014,77113/165014,41499/165014,0,0,0,0,4903/165014,0,0,0",270,4,270,4,0,True,T_pd_rat,46576665/165014,282.258869
18,22,"0,29645073/88515806,34973353/88515806,0,0,7357931/44257903,0,0,4590759/44257903,0,0,0",294,4,294,4,0,True,T_pd_rat,24977779007/88515806,282.184393
18,23,"0,15/143,0,0,113/286,113/286,0,0,15/143,0,0,0",306,4,306,4,0,True,T_pd_rat,80719/286,282.234266
18,24,"0,0,0,1129413/5201954,2379963/5201954,1488733/5201954,0,0,203845/5201954,0,0,0",312,4,312,4,0,True,T_pd_rat,1468244483/5201954,282.248648
18,25,"0,1/4,1/4,0,0,0,0,1/4,1/4,0,0,0",390,4,390,4,0,True,T_pd_rat,282,282.0
18,26,"0,4590759/44257903,0,0,7357931/44257903,0,0,34973353/88515806,29645073/88515806,0,0,0",402,4,402,4,0,True,T_pd_rat,24977779007/88515806,282.184393
18,27,"0,0,0,141/668,193/668,0,0,193/668,141/668,0,0,0",408,4,408,4,0,True,T_pd_rat,47102/167,282.047904
18,28,"0,4903/165014,0,0,0,0,41499/165014,77113/165014,41499/165014,0,0,0",450,4,450,4,0,True,T_pd_rat,46576665/165014,282.258869
18,29,"0,0,0,203845/5201954,0,0,1488733/5201954,2379963/5201954,1129413/5201954,0,0,0",456,4,456,4,0,True,T_pd_rat,1468244483/5201954,282.248648
18,30,"0,0,0,0,0,59/443,325/886,325/886,59/443,0,0,0",480,4,480,4,0,True,T_pd_rat,250043/886,282.215576
18,31,"1488733/5201954,2379963/5201954,1129413/5201954,0,0,0,0,0,0,203845/5201954,0,0",519,4,519,4,0,True,T_pd_rat,1468244483/5201954,282.248648
18,32,"113/286,113/286,0,0,15/143,0,0,0,0,15/143,0,0",531,4,531,4,0,True,T_pd_rat,80719/286,282.234266
18,33,"7357931/44257903,0,0,34973353/88515806,29645073/88515806,0,0,0,0,4590759/44257903,0,0",537,4,537,4,0,True,T_pd_rat,24977779007/88515806,282.184393
18,34,"0,0,41499/165014,77113/165014,41499/165014,0,0,0,0,4903/165014,0,0",540,4,540,4,0,True,T_pd_rat,46576665/165014,282.258869
18,35,"34973353/88515806,29645073/88515806,0,0,0,0,4590759/44257903,0,0,7357931/44257903,0,0",579,4,579,4,0,True,T_pd_rat,24977779007/88515806,282.184393
18,36,"1/4,0,0,1/4,0,0,1/4,0,0,1/4,0,0",585,4,585,4,0,True,T_pd_rat,1129/4,282.25
18,37,"0,0,29645073/88515806,34973353/88515806,0,0,7357931/44257903,0,0,4590759/44257903,0,0",588,4,588,4,0,True,T_pd_rat,24977779007/88515806,282.184393
18,38,"4590759/44257903,0,0,0,0,29645073/88515806,34973353/88515806,0,0,7357931/44257903,0,0",609,4,609,4,0,True,T_pd_rat,24977779007/88515806,282.184393
18,39,"0,0,15/143,0,0,113/286,113/286,0,0,15/143,0,0",612,4,612,4,0,True,T_pd_rat,80719/286,282.234266
18,40,"0,0,0,0,1129413/5201954,2379963/5201954,1488733/5201954,0,0,203845/5201954,0,0",624,4,624,4,0,True,T_pd_rat,1468244483/5201954,282.248648
18,41,"193/668,141/668,0,0,0,0,0,0,141/668,193/668,0,0",771,4,771,4,0,True,T_pd_rat,47102/167,282.047904
18,42,"7357931/44257903,0,0,4590759/44257903,0,0,0,0,29645073/88515806,34973353/88515806,0,0",777,4,777,4,0,True,T_pd_rat,24977779007/88515806,282.184393
18,43,"0,0,1/4,1/4,0,0,0,0,1/4,1/4,0,0",780,4,780,4,0,True,T_pd_rat,282,282.0
18,44,"15/143,0,0,0,0,15/143,0,0,113/286,113/286,0,0",801,4,801,4,0,True,T_pd_rat,80719/286,282.234266
18,45,"0,0,4590759/44257903,0,0,7357931/44257903,0,0,34973353/88515806,29645073/88515806,0,0",804,4,804,4,0,True,T_pd_rat,24977779007/88515806,282.184393
18,46,"0,0,0,0,141/668,193/668,0,0,193/668,141/668,0,0",816,4,816,4,0,True,T_pd_rat,47102/167,282.047904
18,47,"203845/5201954,0,0,0,0,0,0,1129413/5201954,2379963/5201954,1488733/5201954,0,0",897,4,897,4,0,True,T_pd_rat,1468244483/5201954,282.248648
18,48,"0,0,4903/165014,0,0,0,0,41499/165014,77113/165014,41499/165014,0,0",900,4,900,4,0,True,T_pd_rat,46576665/165014,282.258869
18,49,"0,0,0,0,203845/5201954,0,0,1488733/5201954,2379963/5201954,1129413/5201954,0,0",912,4,912,4,0,True,T_pd_rat,1468244483/5201954,282.248648
18,50,"0,0,0,0,0,0,59/443,325/886,325/886,59/443,0,0",960,4,960,4,0,True,T_pd_rat,250043/886,282.215576
18,51,"0,1488733/5201954,2379963/5201954,1129413/5201954,0,0,0,0,0,0,203845/5201954,0",1038,4,1038,4,0,True,T_pd_rat,1468244483/5201954,282.248648
18,52,"0,113/286,113/286,0,0,15/143,0,0,0,0,15/143,0",1062,4,1062,4,0,True,T_pd_rat,80719/286,282.234266
18,53,"0,7357931/44257903,0,0,34973353/88515806,29645073/88515806,0,0,0,0,4590759/44257903,0",1074,4,1074,4,0,True,T_pd_rat,24977779007/88515806,282.184393
18,54,"0,0,0,41499/165014,77113/165014,41499/165014,0,0,0,0,4903/165014,0",1080,4,1080,4,0,True,T_pd_rat,46576665/165014,282.258869
18,55,"0,34973353/88515806,29645073/88515806,0,0,0,0,4590759/44257903,0,0,7357931/44257903,0",1158,4,1158,4,0,True,T_pd_rat,24977779007/88515806,282.184393
18,56,"0,1/4,0,0,1/4,0,0,1/4,0,0,1/4,0",1170,4,1170,4,0,True,T_pd_rat,1129/4,282.25
18,57,"0,0,0,29645073/88515806,34973353/88515806,0,0,7357931/44257903,0,0,4590759/44257903,0",1176,4,1176,4,0,True,T_pd_rat,24977779007/88515806,282.184393
18,58,"0,4590759/44257903,0,0,0,0,29645073/88515806,34973353/88515806,0,0,7357931/44257903,0",1218,4,1218,4,0,True,T_pd_rat,24977779007/88515806,282.184393
18,59,"0,0,0,15/143,0,0,113/286,113/286,0,0,15/143,0",1224,4,1224,4,0,True,T_pd_rat,80719/286,282.234266
18,60,"0,0,0,0,0,1129413/5201954,2379963/5201954,1488733/5201954,0,0,203845/5201954,0",1248,4,1248,4,0,True,T_pd_rat,1468244483/5201954,282.248648
18,61,"0,193/668,141/668,0,0,0,0,0,0,141/668,193/668,0",1542,4,1542,4,0,True,T_pd_rat,47102/167,282.047904
18,62,"0,7357931/44257903,0,0,4590759/44257903,0,0,0,0,29645073/88515806,34973353/88515806,0",1554,4,1554,4,0,True,T_pd_rat,24977779007/88515806,282.184393
18,63,"0,0,0,1/4,1/4,0,0,0,0,1/4,1/4,0",1560,4,1560,4,0,True,T_pd_rat,282,282.0
18,64,"0,15/143,0,0,0,0,15/143,0,0,113/286,113/286,0",1602,4,1602,4,0,True,T_pd_rat,80719/286,282.234266
18,65,"0,0,0,4590759/44257903,0,0,7357931/44257903,0,0,34973353/88515806,29645073/88515806,0",1608,4,1608,4,0,True,T_pd_rat,24977779007/88515806,282.184393
18,66,"0,0,0,0,0,141/668,193/668,0,0,193/668,141/668,0",1632,4,1632,4,0,True,T_pd_rat,47102/167,282.047904
18,67,"0,203845/5201954,0,0,0,0,0,0,1129413/5201954,2379963/5201954,1488733/5201954,0",1794,4,1794,4,0,True,T_pd_rat,1468244483/5201954,282.248648
18,68,"0,0,0,4903/165014,0,0,0,0,41499/165014,77113/165014,41499/165014,0",1800,4,1800,4,0,True,T_pd_rat,46576665/165014,282.258869
18,69,"0,0,0,0,0,203845/5201954,0,0,1488733/5201954,2379963/5201954,1129413/5201954,0",1824,4,1824,4,0,True,T_pd_rat,1468244483/5201954,282.248648
18,70,"0,0,0,0,0,0,0,59/443,325/886,325/886,59/443,0",1920,4,1920,4,0,True,T_pd_rat,250043/886,282.215576
18,71,"325/886,325/886,59/443,0,0,0,0,0,0,0,0,59/443",2055,4,2055,4,0,True,T_pd_rat,250043/886,282.215576
18,72,"2379963/5201954,1488733/5201954,0,0,203845/5201954,0,0,0,0,0,0,1129413/5201954",2067,4,2067,4,0,True,T_pd_rat,1468244483/5201954,282.248648
18,73,"193/668,0,0,193/668,141/668,0,0,0,0,0,0,141/668",2073,4,2073,4,0,True,T_pd_rat,47102/167,282.047904
18,74,"0,0,1488733/5201954,2379963/5201954,1129413/5201954,0,0,0,0,0,0,203845/5201954",2076,4,2076,4,0,True,T_pd_rat,1468244483/5201954,282.248648
18,75,"77113/165014,41499/165014,0,0,0,0,4903/165014,0,0,0,0,41499/165014",2115,4,2115,4,0,True,T_pd_rat,46576665/165014,282.258869
18,76,"34973353/88515806,0,0,7357931/44257903,0,0,4590759/44257903,0,0,0,0,29645073/88515806",2121,4,2121,4,0,True,T_pd_rat,24977779007/88515806,282.184393
18,77,"0,0,113/286,113/286,0,0,15/143,0,0,0,0,15/143",2124,4,2124,4,0,True,T_pd_rat,80719/286,282.234266
18,78,"1/4,0,0,0,0,1/4,1/4,0,0,0,0,1/4",2145,4,2145,4,0,True,T_pd_rat,282,282.0
18,79,"0,0,7357931/44257903,0,0,34973353/88515806,29645073/88515806,0,0,0,0,4590759/44257903",2148,4,2148,4,0,True,T_pd_rat,24977779007/88515806,282.184393
18,80,"0,0,0,0,41499/165014,77113/165014,41499/165014,0,0,0,0,4903/165014",2160,4,2160,4,0,True,T_pd_rat,46576665/165014,282.258869
18,81,"2379963/5201954,1129413/5201954,0,0,0,0,0,0,203845/5201954,0,0,1488733/5201954",2307,4,2307,4,0,True,T_pd_rat,1468244483/5201954,282.248648
18,82,"113/286,0,0,15/143,0,0,0,0,15/143,0,0,113/286",2313,4,2313,4,0,True,T_pd_rat,80719/286,282.234266
18,83,"0,0,34973353/88515806,29645073/88515806,0,0,0,0,4590759/44257903,0,0,7357931/44257903",2316,4,2316,4,0,True,T_pd_rat,24977779007/88515806,282.184393
18,84,"29645073/88515806,0,0,0,0,4590759/44257903,0,0,7357931/44257903,0,0,34973353/88515806",2337,4,2337,4,0,True,T_pd_rat,24977779007/88515806,282.184393
18,85,"0,0,1/4,0,0,1/4,0,0,1/4,0,0,1/4",2340,4,2340,4,0,True,T_pd_rat,1129/4,282.25
18,86,"0,0,0,0,29645073/88515806,34973353/88515806,0,0,7357931/44257903,0,0,4590759/44257903",2352,4,2352,4,0,True,T_pd_rat,24977779007/88515806,282.184393
18,87,"141/668,0,0,0,0,0,0,141/668,193/668,0,0,193/668",2433,4,2433,4,0,True,T_pd_rat,47102/167,282.047904
18,88,"0,0,4590759/44257903,0,0,0,0,29645073/88515806,34973353/88515806,0,0,7357931/44257903",2436,4,2436,4,0,True,T_pd_rat,24977779007/88515806,282.184393
18,89,"0,0,0,0,15/143,0,0,113/286,113/286,0,0,15/143",2448,4,2448,4,0,True,T_pd_rat,80719/286,282.234266
18,90,"0,0,0,0,0,0,1129413/5201954,2379963/5201954,1488733/5201954,0,0,203845/5201954",2496,4,2496,4,0,True,T_pd_rat,1468244483/5201954,282.248648
18,91,"325/886,59/443,0,0,0,0,0,0,0,0,59/443,325/886",3075,4,3075,4,0,True,T_pd_rat,250043/886,282.215576
18,92,"1488733/5201954,0,0,203845/5201954,0,0,0,0,0,0,1129413/5201954,2379963/5201954",3081,4,3081,4,0,True,T_pd_rat,1468244483/5201954,282.248648
18,93,"0,0,193/668,141/668,0,0,0,0,0,0,141/668,193/668",3084,4,3084,4,0,True,T_pd_rat,47102/167,282.047904
18,94,"41499/165014,0,0,0,0,4903/165014,0,0,0,0,41499/165014,77113/165014",3105,4,3105,4,0,True,T_pd_rat,46576665/165014,282.258869
18,95,"0,0,7357931/44257903,0,0,4590759/44257903,0,0,0,0,29645073/88515806,34973353/88515806",3108,4,3108,4,0,True,T_pd_rat,24977779007/88515806,282.184393
18,96,"0,0,0,0,1/4,1/4,0,0,0,0,1/4,1/4",3120,4,3120,4,0,True,T_pd_rat,282,282.0
18,97,"1129413/5201954,0,0,0,0,0,0,203845/5201954,0,0,1488733/5201954,2379963/5201954",3201,4,3201,4,0,True,T_pd_rat,1468244483/5201954,282.248648
18,98,"0,0,15/143,0,0,0,0,15/143,0,0,113/286,113/286",3204,4,3204,4,0,True,T_pd_rat,80719/286,282.234266
18,99,"0,0,0,0,4590759/44257903,0,0,7357931/44257903,0,0,34973353/88515806,29645073/88515806",3216,4,3216,4,0,True,T_pd_rat,24977779007/88515806,282.184393
18,100,"0,0,0,0,0,0,141/668,193/668,0,0,193/668,141/668",3264,4,3264,4,0,True,T_pd_rat,47102/167,282.047904
18,101,"59/443,0,0,0,0,0,0,0,0,59/443,325/886,325/886",3585,4,3585,4,0,True,T_pd_rat,250043/886,282.215576
18,102,"0,0,203845/5201954,0,0,0,0,0,0,1129413/5201954,2379963/5201954,1488733/5201954",3588,4,3588,4,0,True,T_pd_rat,1468244483/5201954,282.248648
18,103,"0,0,0,0,4903/165014,0,0,0,0,41499/165014,77113/165014,41499/165014",3600,4,3600,4,0,True,T_pd_rat,46576665/165014,282.258869
18,104,"0,0,0,0,0,0,203845/5201954,0,0,1488733/5201954,2379963/5201954,1129413/5201954",3648,4,3648,4,0,True,T_pd_rat,1468244483/5201954,282.248648
18,105,"0,0,0,0,0,0,0,0,59/443,325/886,325/886,59/443",3840,4,3840,4,0,True,T_pd_rat,250043/886,282.215576
19,1,"25/187,137/374,137/374,25/187,0,0,0,0,0,0,0,0",15,4,15,4,0,True,T_pd_rat,56169/374,150.184492
19,2,"0,25/187,137/374,137/374,25/187,0,0,0,0,0,0,0",30,4,30,4,0,True,T_pd_rat,56169/374,150.184492
19,3,"0,0,25/187,137/374,137/374,25/187,0,0,0,0,0,0",60,4,60,4,0,True,T_pd_rat,56169/374,150.184492
19,4,"0,0,0,25/187,137/374,137/374,25/187,0,0,0,0,0",120,4,120,4,0,True,T_pd_rat,56169/374,150.184492
19,5,"5000/19931,18631/39862,5000/19931,0,0,0,0,1231/39862,0,0,0,0",135,4,2735,8,0,False,F_not_copos,2993100/19931,150.173097
19,6,"1/4,1/4,0,0,0,0,1/4,1/4,0,0,0,0",195,4,4095,12,0,True,T_copos,150,150.0
19,7,"1231/39862,0,0,0,0,5000/19931,18631/39862,5000/19931,0,0,0,0",225,4,1525,8,0,False,F_not_copos,2993100/19931,150.173097
19,8,"0,0,0,0,25/187,137/374,137/374,25/187,0,0,0,0",240,4,240,4,0,True,T_pd_rat,56169/374,150.184492
19,9,"0,5000/19931,18631/39862,5000/19931,0,0,0,0,1231/39862,0,0,0",270,4,1375,8,0,False,F_not_copos,2993100/19931,150.173097
19,10,"0,1/4,1/4,0,0,0,0,1/4,1/4,0,0,0",390,4,4095,12,0,False,F_not_copos,150,150.0
19,11,"0,1231/39862,0,0,0,0,5000/19931,18631/39862,5000/19931,0,0,0",450,4,3050,8,0,False,F_not_copos,2993100/19931,150.173097
19,12,"0,0,0,0,0,25/187,137/374,137/374,25/187,0,0,0",480,4,480,4,0,True,T_pd_rat,56169/374,150.184492
19,13,"0,0,5000/19931,18631/39862,5000/19931,0,0,0,0,1231/39862,0,0",540,4,2750,8,0,False,F_not_copos,2993100/19931,150.173097
19,14,"1/4,0,0,1/4,0,0,1/4,0,0,1/4,0,0",585,4,4095,12,0,False,F_not_copos,150,150.0
19,15,"0,0,1/4,1/4,0,0,0,0,1/4,1/4,0,0",780,4,4095,12,0,False,F_not_copos,150,150.0
19,16,"0,0,1231/39862,0,0,0,0,5000/19931,18631/39862,5000/19931,0,0",900,4,2005,8,0,False,F_not_copos,2993100/19931,150.173097
19,17,"0,0,0,0,0,0,25/187,137/374,137/374,25/187,0,0",960,4,960,4,0,True,T_pd_rat,56169/374,150.184492
19,18,"0,0,0,5000/19931,18631/39862,5000/19931,0,0,0,0,1231/39862,0",1080,4,1405,8,0,False,F_not_copos,2993100/19931,150.173097
19,19,"0,1/4,0,0,1/4,0,0,1/4,0,0,1/4,0",1170,4,4095,12,0,False,F_not_copos,150,150.0
19,20,"0,0,0,1/4,1/4,0,0,0,0,1/4,1/4,0",1560,4,4095,12,0,False,F_not_copos,150,150.0
19,21,"0,0,0,1231/39862,0,0,0,0,5000/19931,18631/39862,5000/19931,0",1800,4,4010,8,0,False,F_not_copos,2993100/19931,150.173097
19,22,"0,0,0,0,0,0,0,25/187,137/374,137/374,25/187,0",1920,4,1920,4,0,True,T_pd_rat,56169/374,150.184492
19,23,"137/374,137/374,25/187,0,0,0,0,0,0,0,0,25/187",2055,4,2055,4,0,True,T_pd_rat,56169/374,150.184492
19,24,"18631/39862,5000/19931,0,0,0,0,1231/39862,0,0,0,0,5000/19931",2115,4,3415,8,0,False,F_not_copos,2993100/19931,150.173097
19,25,"1/4,0,0,0,0,1/4,1/4,0,0,0,0,1/4",2145,4,4095,12,0,False,F_not_copos,150,150.0
19,26,"0,0,0,0,5000/19931,18631/39862,5000/19931,0,0,0,0,1231/39862",2160,4,2810,8,0,False,F_not_copos,2993100/19931,150.173097
19,27,"0,0,1/4,0,0,1/4,0,0,1/4,0,0,1/4",2340,4,4095,12,0,False,F_not_copos,150,150.0
19,28,"137/374,25/187,0,0,0,0,0,0,0,0,25/187,137/374",3075,4,3075,4,0,True,T_pd_rat,56169/374,150.184492
19,29,"5000/19931,0,0,0,0,1231/39862,0,0,0,0,5000/19931,18631/39862",3105,4,3755,8,0,False,F_not_copos,2993100/19931,150.173097
19,30,"0,0,0,0,1/4,1/4,0,0,0,0,1/4,1/4",3120,4,4095,12,0,False,F_not_copos,150,150.0
19,31,"25/187,0,0,0,0,0,0,0,0,25/187,137/374,137/374",3585,4,3585,4,0,True,T_pd_rat,56169/374,150.184492
19,32,"0,0,0,0,1231/39862,0,0,0,0,5000/19931,18631/39862,5000/19931",3600,4,3925,8,0,False,F_not_copos,2993100/19931,150.173097
19,33,"0,0,0,0,0,0,0,0,25/187,137/374,137/374,25/187",3840,4,3840,4,0,True,T_pd_rat,56169/374,150.184492
19,34,"1231/59793,0,0,5000/19931,27331/59793,5000/19931,0,0,1231/59793,0,0,0",313,5,1405,8,34,False,F_not_copos,2993100/19931,150.173097
19,35,"0,0,5000/19931,27331/59793,5000/19931,0,0,1231/59793,0,0,0,1231/59793",2204,5,2750,8,34,False,F_not_copos,2993100/19931,150.173097
19,36,"0,5000/19931,27331/59793,5000/19931,0,0,1231/59793,0,0,0,1231/59793,0",1102,5,1375,8,34,False,F_not_copos,2993100/19931,150.173097
19,37,"5000/19931,27331/59793,5000/19931,0,0,1231/59793,0,0,0,1231/59793,0,0",551,5,2735,8,34,False,F_not_copos,2993100/19931,150.173097
19,38,"27331/59793,5000/19931,0,0,1231/59793,0,0,0,1231/59793,0,0,5000/19931",2323,5,3415,8,34,False,F_not_copos,2993100/19931,150.173097
19,39,"5000/19931,0,0,1231/59793,0,0,0,1231/59793,0,0,5000/19931,27331/59793",3209,5,3755,8,34,False,F_not_copos,2993100/19931,150.173097
19,40,"0,0,1231/59793,0,0,0,1231/59793,0,0,5000/19931,27331/59793,5000/19931",3652,5,3925,8,34,False,F_not_copos,2993100/19931,150.173097
19,41,"0,1231/59793,0,0,0,1231/59793,0,0,5000/19931,27331/59793,5000/19931,0",1826,5,4010,8,34,False,F_not_copos,2993100/19931,150.173097
19,42,"1231/59793,0,0,0,1231/59793,0,0,5000/19931,27331/59793,5000/19931,0,0",913,5,2005,8,34,False,F_not_copos,2993100/19931,150.173097
19,43,"0,0,0,1231/59793,0,0,5000/19931,27331/59793,5000/19931,0,0,1231/59793",2504,5,3050,8,34,False,F_not_copos,2993100/19931,150.173097
19,44,"0,0,1231/59793,0,0,5000/19931,27331/59793,5000/19931,0,0,1231/59793,0",1252,5,1525,8,34,False,F_not_copos,2993100/19931,150.173097
19,45,"0,1231/59793,0,0,5000/19931,27331/59793,5000/19931,0,0,1231/59793,0,0",626,5,2810,8,34,False,F_not_copos,2993100/19931,150.173097
19,46,"1/6,1/4,0,0,1/6,0,0,1/4,1/6,0,0,0",403,5,4095,12,46,False,F_not_copos,150,150.0
19,47,"1/4,0,0,1/6,0,0,1/4,1/6,0,0,0,1/6",2249,5,4095,12,46,False,F_not_copos,150,150.0
19,48,"0,0,1/6,0,0,1/4,1/6,0,0,0,1/6,1/4",3172,5,4095,12,46,False,F_not_copos,150,150.0
19,49,"0,1/6,0,0,1/4,1/6,0,0,0,1/6,1/4,0",1586,5,4095,12,46,False,F_not_copos,150,150.0
19,50,"1/6,0,0,1/4,1/6,0,0,0,1/6,1/4,0,0",793,5,4095,12,46,False,F_not_copos,150,150.0
19,51,"0,0,1/4,1/6,0,0,0,1/6,1/4,0,0,1/6",2444,5,4095,12,46,False,F_not_copos,150,150.0
19,52,"0,1/4,1/6,0,0,0,1/6,1/4,0,0,1/6,0",1222,5,4095,12,46,False,F_not_copos,150,150.0
19,53,"1/4,1/6,0,0,0,1/6,1/4,0,0,1/6,0,0",611,5,4095,12,46,False,F_not_copos,150,150.0
19,54,"1/6,0,0,0,1/6,1/4,0,0,1/6,0,0,1/4",2353,5,4095,12,46,False,F_not_copos,150,150.0
19,55,"0,0,0,1/6,1/4,0,0,1/6,0,0,1/4,1/6",3224,5,4095,12,46,False,F_not_copos,150,150.0
19,56,"0,0,1/6,1/4,0,0,1/6,0,0,1/4,1/6,0",1612,5,4095,12,46,False,F_not_copos,150,150.0
19,57,"0,1/6,1/4,0,0,1/6,0,0,1/4,1/6,0,0",806,5,4095,12,46,False,F_not_copos,150,150.0
19,58,"1/6,1/6,0,0,1/6,1/6,0,0,1/6,1/6,0,0",819,6,4095,12,0,True,T_copos,150,150.0
19,59,"0,1/6,1/6,0,0,1/6,1/6,0,0,1/6,1/6,0",1638,6,4095,12,0,False,F_not_copos,150,150.0
19,60,"1/6,0,0,1/6,1/6,0,0,1/6,1/6,0,0,1/6",2457,6,4095,12,0,False,F_not_copos,150,150.0
19,61,"0,0,1/6,1/6,0,0,1/6,1/6,0,0,1/6,1/6",3276,6,4095,12,0,False,F_not_copos,150,150.0
